{"cameraMode":{"drawMode":0,"name":"Shaded","section":"Shading Mode"},"sceneLighting":false,"audioPlay":false,"sceneViewState":{"m_AlwaysRefresh":false,"showFog":true,"showSkybox":false,"showFlares":true,"showImageEffects":true,"showParticleSystems":true,"showVisualEffectGraphs":true,"m_FxEnabled":true},"in2DMode":false,"pivot":{"x":9.075122833251954,"y":0.44397222995758059,"z":0.9007693529129028},"rotation":{"x":-0.013363072648644448,"y":-0.8734253644943237,"z":-0.024150414392352105,"w":0.48648887872695925},"size":1.7107294797897339,"orthographic":false}