{"cameraMode":{"drawMode":0,"name":"Shaded","section":"Shading Mode"},"sceneLighting":false,"audioPlay":false,"sceneViewState":{"m_AlwaysRefresh":false,"showFog":true,"showSkybox":false,"showFlares":true,"showImageEffects":true,"showParticleSystems":true,"showVisualEffectGraphs":true,"m_FxEnabled":true},"in2DMode":false,"pivot":{"x":-0.00016039609909057617,"y":0.32105696201324465,"z":0.003279745578765869},"rotation":{"x":0.2816311717033386,"y":-0.6440068483352661,"z":0.2767694294452667,"w":0.6553048491477966},"size":0.778806746006012,"orthographic":false}